mysql> show databases;
+--------------------+
| Database           |
+--------------------+
| demodatabase       |
| information_schema |
| mysql              |
| performance_schema |
| practicedatabase   |
| sakila             |
| sys                |
| world              |
+--------------------+
8 rows in set (0.01 sec)

mysql> use demodatabase;
Database changed
mysql> show tables;
+------------------------+
| Tables_in_demodatabase |
+------------------------+
| customers              |
| employee               |
| first_view_example     |
| products               |
| student                |
| teacher                |
| teacher_contact        |
+------------------------+
7 rows in set (0.01 sec)

mysql> create table student2(
    -> stud_id int not null unique,
    -> name varchar(45),
    -> email varchar(45),
    -> age int,
    -> city varchar(25));
Query OK, 0 rows affected (0.53 sec)

mysql> insert into student2 (stud_id, name, email, age, city) values(1,'abhishek','a@a.com',22,'paris'),(2,'thomas','t@t.com',23,'texas'),(3,'alpha','al@al.com',25,'montpellier');
Query OK, 3 rows affected (0.10 sec)
Records: 3  Duplicates: 0  Warnings: 0

mysql> select * from student2;
+---------+----------+-----------+------+-------------+
| stud_id | name     | email     | age  | city        |
+---------+----------+-----------+------+-------------+
|       1 | abhishek | a@a.com   |   22 | paris       |
|       2 | thomas   | t@t.com   |   23 | texas       |
|       3 | alpha    | al@al.com |   25 | montpellier |
+---------+----------+-----------+------+-------------+
3 rows in set (0.00 sec)


mysql> insert into student2 values(1,'steve','st@st.com',26,'metz');
ERROR 1062 (23000): Duplicate entry '1' for key 'stud_id'
mysql> -- if we want to define the unique key to the multiple columns
mysql> create table student3(
    -> stud_id int,
    -> roll_no int,
    -> name varchar(45) not null,
    -> email varchar(45),
    -> age int,
    -> city varchar(25),
    -> constraint unique_key_for_roll_no_email unique(roll_no,email));
Query OK, 0 rows affected (0.72 sec)

mysql> show columns from student3;
+---------+-------------+------+-----+---------+-------+
| Field   | Type        | Null | Key | Default | Extra |
+---------+-------------+------+-----+---------+-------+
| stud_id | int(11)     | YES  |     | NULL    |       |
| roll_no | int(11)     | YES  | MUL | NULL    |       |
| name    | varchar(45) | NO   |     | NULL    |       |
| email   | varchar(45) | YES  |     | NULL    |       |
| age     | int(11)     | YES  |     | NULL    |       |
| city    | varchar(25) | YES  |     | NULL    |       |
+---------+-------------+------+-----+---------+-------+
6 rows in set (0.03 sec)

mysql> show index from student3;
+----------+------------+------------------------------+--------------+-------------+-----------+-------------+----------+--------+------+------------+---------+---------------+---------+------------+
| Table    | Non_unique | Key_name                     | Seq_in_index | Column_name | Collation | Cardinality | Sub_part | Packed | Null | Index_type | Comment | Index_comment | Visible | Expression |
+----------+------------+------------------------------+--------------+-------------+-----------+-------------+----------+--------+------+------------+---------+---------------+---------+------------+
| student3 |          0 | unique_key_for_roll_no_email |            1 | roll_no     | A         |           0 |     NULL |   NULL | YES  | BTREE      |         |               | YES     | NULL       |
| student3 |          0 | unique_key_for_roll_no_email |            2 | email       | A         |           0 |     NULL |   NULL | YES  | BTREE      |         |               | YES     | NULL       |
+----------+------------+------------------------------+--------------+-------------+-----------+-------------+----------+--------+------+------------+---------+---------------+---------+------------+
2 rows in set (0.20 sec)

mysql> -- we can also drop the unique key
mysql> -- the alter table statement allows us to drop the unique key
mysql> alter table student3 drop index unique_key_for_roll_no_email;
Query OK, 0 rows affected (0.55 sec)
Records: 0  Duplicates: 0  Warnings: 0

mysql> show index from student3;
Empty set (0.00 sec)

mysql> -- we can create the unique key by using the alter table command as below
mysql> show tables;
+------------------------+
| Tables_in_demodatabase |
+------------------------+
| customers              |
| employee               |
| first_view_example     |
| products               |
| student                |
| student2               |
| student3               |
| teacher                |
| teacher_contact        |
+------------------------+
9 rows in set (0.00 sec)

mysql> drop table student3;
Query OK, 0 rows affected (0.41 sec)

mysql> show tables;
+------------------------+
| Tables_in_demodatabase |
+------------------------+
| customers              |
| employee               |
| first_view_example     |
| products               |
| student                |
| student2               |
| teacher                |
| teacher_contact        |
+------------------------+
8 rows in set (0.00 sec)

mysql> create table student3(
    -> stud_id int,
    -> roll_no int,
    -> name varchar(45) not null,
    -> email varchar(45),
    -> age int,
    -> city varchar(25));
Query OK, 0 rows affected (0.46 sec)


mysql> -- as we have recreat student3 table and didn't specified the unique so now we are going to use the alter command
mysql> -- to specify the unisue key into the existing table
mysql> alter table student3 add constraint unique_key_for_roll_no_email unique(roll_no, email);
Query OK, 0 rows affected (0.48 sec)
Records: 0  Duplicates: 0  Warnings: 0

mysql> show index from student3;
+----------+------------+------------------------------+--------------+-------------+-----------+-------------+----------+--------+------+------------+---------+---------------+---------+------------+
| Table    | Non_unique | Key_name                     | Seq_in_index | Column_name | Collation | Cardinality | Sub_part | Packed | Null | Index_type | Comment | Index_comment | Visible | Expression |
+----------+------------+------------------------------+--------------+-------------+-----------+-------------+----------+--------+------+------------+---------+---------------+---------+------------+
| student3 |          0 | unique_key_for_roll_no_email |            1 | roll_no     | A         |           0 |     NULL |   NULL | YES  | BTREE      |         |               | YES     | NULL       |
| student3 |          0 | unique_key_for_roll_no_email |            2 | email       | A         |           0 |     NULL |   NULL | YES  | BTREE      |         |               | YES     | NULL       |
+----------+------------+------------------------------+--------------+-------------+-----------+-------------+----------+--------+------+------------+---------+---------------+---------+------------+
2 rows in set (0.11 sec)

mysql> create table login(
    -> login_id int auto_increment primary key,
    -> user_name varchar(40),
    -> password varchar(55),
    -> email varchar(55));
Query OK, 0 rows affected (0.60 sec)

mysql> insert into login(login_id,user_name,password,email) values(1,'abhishek',123,'a@a.com'),(2,'abhi',1234,'ab@ab.com');
Query OK, 2 rows affected (0.18 sec)
Records: 2  Duplicates: 0  Warnings: 0

mysql> insert into login values(1,'xavier',456,'x@x.com');
ERROR 1062 (23000): Duplicate entry '1' for key 'PRIMARY'
mysql> -- we can also define the primary key for multiple columns
mysql> show tables;
+------------------------+
| Tables_in_demodatabase |
+------------------------+
| customers              |
| employee               |
| first_view_example     |
| login                  |
| products               |
| student                |
| student2               |
| student3               |
| teacher                |
| teacher_contact        |
+------------------------+
10 rows in set (0.00 sec)

mysql> drop table student;
Query OK, 0 rows affected (0.42 sec)

mysql> create table student(
    -> sid int,
    -> roll_no int,
    -> name varchar(45) not null,
    -> age int,
    -> city varchar(25),
    -> primary key(sid,roll_no));
Query OK, 0 rows affected (0.54 sec)

mysql> -- there is an another statement that we can use to create the primary into the existing table that is alter
mysql> -- statement
mysql> create table persons(
    -> person_id int not null,
    -> name varchar(55),
    -> age int,
    -> city varchar(78));
Query OK, 0 rows affected (0.50 sec)

mysql> -- as we didn't specify the primary key to the persons table, we are going to do that by using the alter statement 
mysql> alter table persons add primary key (person_id);
Query OK, 0 rows affected (0.91 sec)
Records: 0  Duplicates: 0  Warnings: 0

mysql> show index from persons;
+---------+------------+----------+--------------+-------------+-----------+-------------+----------+--------+------+------------+---------+---------------+---------+------------+
| Table   | Non_unique | Key_name | Seq_in_index | Column_name | Collation | Cardinality | Sub_part | Packed | Null | Index_type | Comment | Index_comment | Visible | Expression |
+---------+------------+----------+--------------+-------------+-----------+-------------+----------+--------+------+------------+---------+---------------+---------+------------+
| persons |          0 | PRIMARY  |            1 | person_id   | A         |           0 |     NULL |   NULL |      | BTREE      |         |               | YES     | NULL       |
+---------+------------+----------+--------------+-------------+-----------+-------------+----------+--------+------+------------+---------+---------------+---------+------------+
1 row in set (0.06 sec)

mysql> show columns from persons;
+-----------+-------------+------+-----+---------+-------+
| Field     | Type        | Null | Key | Default | Extra |
+-----------+-------------+------+-----+---------+-------+
| person_id | int(11)     | NO   | PRI | NULL    |       |
| name      | varchar(55) | YES  |     | NULL    |       |
| age       | int(11)     | YES  |     | NULL    |       |
| city      | varchar(78) | YES  |     | NULL    |       |
+-----------+-------------+------+-----+---------+-------+
4 rows in set (0.06 sec)

mysql> -- we can drop the primary key from an existing table by using the drop statement
mysql> alter table persons drop primary key;
Query OK, 0 rows affected (1.29 sec)
Records: 0  Duplicates: 0  Warnings: 0

mysql> show columns from persons;
+-----------+-------------+------+-----+---------+-------+
| Field     | Type        | Null | Key | Default | Extra |
+-----------+-------------+------+-----+---------+-------+
| person_id | int(11)     | NO   |     | NULL    |       |
| name      | varchar(55) | YES  |     | NULL    |       |
| age       | int(11)     | YES  |     | NULL    |       |
| city      | varchar(78) | YES  |     | NULL    |       |
+-----------+-------------+------+-----+---------+-------+
4 rows in set (0.00 sec)

mysql> show tables;
+------------------------+
| Tables_in_demodatabase |
+------------------------+
| customers              |
| employee               |
| first_view_example     |
| login                  |
| persons                |
| products               |
| student                |
| student2               |
| student3               |
| teacher                |
| teacher_contact        |
+------------------------+
11 rows in set (0.00 sec)


mysql> drop table customers;
Query OK, 0 rows affected (0.45 sec)

mysql> create table customers(
    -> id int not null auto_increment,
    -> name varchar(50) not null,
    -> city varchar(50) not null,
    -> primary key(id));
Query OK, 0 rows affected (0.54 sec)


mysql> create table contact(
    -> id int,
    -> customer_id int,
    -> customer_info varchar(50) not null,
    -> type varchar(50) not null,
    -> index parind(customer_id),
    -> constraint fk_customer foreign key(customer_id)
    -> references customers(id)
    -> on delete cascade
    -> on update cascade);
Query OK, 0 rows affected (0.64 sec)

mysql> show tables;
+------------------------+
| Tables_in_demodatabase |
+------------------------+
| contact                |
| customers              |
| employee               |
| first_view_example     |
| login                  |
| persons                |
| products               |
| student                |
| student2               |
| student3               |
| teacher                |
| teacher_contact        |
+------------------------+
12 rows in set (0.00 sec)

mysql> desc customers;
+-------+-------------+------+-----+---------+----------------+
| Field | Type        | Null | Key | Default | Extra          |
+-------+-------------+------+-----+---------+----------------+
| id    | int(11)     | NO   | PRI | NULL    | auto_increment |
| name  | varchar(50) | NO   |     | NULL    |                |
| city  | varchar(50) | NO   |     | NULL    |                |
+-------+-------------+------+-----+---------+----------------+
3 rows in set (0.00 sec)

mysql> desc contact;
+---------------+-------------+------+-----+---------+-------+
| Field         | Type        | Null | Key | Default | Extra |
+---------------+-------------+------+-----+---------+-------+
| id            | int(11)     | YES  |     | NULL    |       |
| customer_id   | int(11)     | YES  | MUL | NULL    |       |
| customer_info | varchar(50) | NO   |     | NULL    |       |
| type          | varchar(50) | NO   |     | NULL    |       |
+---------------+-------------+------+-----+---------+-------+
4 rows in set (0.00 sec)




mysql> insert into customers(name,city) values('joseph','california'),('abhishek','paris'),('thomas', 'stevensons');
Query OK, 3 rows affected (0.13 sec)
Records: 3  Duplicates: 0  Warnings: 0


mysql> select * from customers;
+----+----------+------------+
| id | name     | city       |
+----+----------+------------+
|  1 | joseph   | california |
|  2 | abhishek | paris      |
|  3 | thomas   | stevensons |
+----+----------+------------+
3 rows in set (0.00 sec)

mysql> desc contact;
+---------------+-------------+------+-----+---------+-------+
| Field         | Type        | Null | Key | Default | Extra |
+---------------+-------------+------+-----+---------+-------+
| id            | int(11)     | YES  |     | NULL    |       |
| customer_id   | int(11)     | YES  | MUL | NULL    |       |
| customer_info | varchar(50) | NO   |     | NULL    |       |
| type          | varchar(50) | NO   |     | NULL    |       |
+---------------+-------------+------+-----+---------+-------+
4 rows in set (0.00 sec)



mysql> insert  into contact(customer_id,customer_info,type) values(1,'j@j.com','email'),(1,'11','work'),(1,'22','home'),(2,'a@a.com','email'),(2,'22','work'),(2,'33','home'),(3,'th@th.com','email'),(3,'55','home');
Query OK, 8 rows affected (0.15 sec)
Records: 8  Duplicates: 0  Warnings: 0

mysql> select * from contact;
+------+-------------+---------------+-------+
| id   | customer_id | customer_info | type  |
+------+-------------+---------------+-------+
| NULL |           1 | j@j.com       | email |
| NULL |           1 | 11            | work  |
| NULL |           1 | 22            | home  |
| NULL |           2 | a@a.com       | email |
| NULL |           2 | 22            | work  |
| NULL |           2 | 33            | home  |
| NULL |           3 | th@th.com     | email |
| NULL |           3 | 55            | home  |
+------+-------------+---------------+-------+
8 rows in set (0.00 sec)

mysql> -- while creating foreign key into contact table we have used cascade references integrity that means if we are
mysql> -- going to updation or delete from the parent table that is customers in our case then child tables's data is also going to delete from the table as below
mysql> delete from customers where name="thomas";
Query OK, 1 row affected (0.15 sec)


mysql> select  * from customers;
+----+----------+------------+
| id | name     | city       |
+----+----------+------------+
|  1 | joseph   | california |
|  2 | abhishek | paris      |
+----+----------+------------+
2 rows in set (0.00 sec)

mysql> select * from contact;
+------+-------------+---------------+-------+
| id   | customer_id | customer_info | type  |
+------+-------------+---------------+-------+
| NULL |           1 | j@j.com       | email |
| NULL |           1 | 11            | work  |
| NULL |           1 | 22            | home  |
| NULL |           2 | a@a.com       | email |
| NULL |           2 | 22            | work  |
| NULL |           2 | 33            | home  |
+------+-------------+---------------+-------+
6 rows in set (0.00 sec)

mysql> update customers set id = 5 where name = "joseph";
Query OK, 1 row affected (0.23 sec)
Rows matched: 1  Changed: 1  Warnings: 0

mysql> select * from customers;
+----+----------+------------+
| id | name     | city       |
+----+----------+------------+
|  2 | abhishek | paris      |
|  5 | joseph   | california |
+----+----------+------------+
2 rows in set (0.00 sec)

mysql> select * from contact;
+------+-------------+---------------+-------+
| id   | customer_id | customer_info | type  |
+------+-------------+---------------+-------+
| NULL |           5 | j@j.com       | email |
| NULL |           5 | 11            | work  |
| NULL |           5 | 22            | home  |
| NULL |           2 | a@a.com       | email |
| NULL |           2 | 22            | work  |
| NULL |           2 | 33            | home  |
+------+-------------+---------------+-------+
6 rows in set (0.00 sec)

mysql> -- another an example of foreign key with null referential integrity
mysql> show tables;
+------------------------+
| Tables_in_demodatabase |
+------------------------+
| contact                |
| customers              |
| employee               |
| first_view_example     |
| login                  |
| persons                |
| products               |
| student                |
| student2               |
| student3               |
| teacher                |
| teacher_contact        |
+------------------------+
12 rows in set (0.04 sec)

mysql> drop table persons;
Query OK, 0 rows affected (0.97 sec)

mysql> create table persons(
    -> id int not null auto_increment,
    -> name varchar(50) not null,
    -> city varchar(50) not null,
    -> primary key (id));
Query OK, 0 rows affected (0.61 sec)

mysql> create table contact1(
    -> id int,
    -> person_id int,
    -> info varchar(50) not null,
    -> type varchar(50) not null,
    -> index par_ind(person_id),
    ->  constraint fk_contact_on_person_id foreign key(person_id)
    -> references persons(id)
    -> on delete set null
    -> on update set null);
Query OK, 0 rows affected (0.71 sec)

mysql> insert  into persons(name, city) values('abhishek','paris'),('thomas','parc de saint-maur'),('alpha','nanterre');
Query OK, 3 rows affected (0.14 sec)
Records: 3  Duplicates: 0  Warnings: 0

mysql> select  * from persons;
+----+----------+--------------------+
| id | name     | city               |
+----+----------+--------------------+
|  1 | abhishek | paris              |
|  2 | thomas   | parc de saint-maur |
|  3 | alpha    | nanterre           |
+----+----------+--------------------+
3 rows in set (0.00 sec)

mysql> insert into contact1(person_id,info,type) values(1,'a@a.com','email'),(1,'121','work'),(2,'t@t.com','email'),(2,'25','work'),(3,'al@al.com','email'),(3,'454','work');
Query OK, 6 rows affected (0.15 sec)
Records: 6  Duplicates: 0  Warnings: 0

mysql> select * from contact1;
+------+-----------+-----------+-------+
| id   | person_id | info      | type  |
+------+-----------+-----------+-------+
| NULL |         1 | a@a.com   | email |
| NULL |         1 | 121       | work  |
| NULL |         2 | t@t.com   | email |
| NULL |         2 | 25        | work  |
| NULL |         3 | al@al.com | email |
| NULL |         3 | 454       | work  |
+------+-----------+-----------+-------+
6 rows in set (0.00 sec)

mysql> update persons set id = '1556' where id='3';
Query OK, 1 row affected (0.20 sec)
Rows matched: 1  Changed: 1  Warnings: 0

mysql> select * from persons;
+------+----------+--------------------+
| id   | name     | city               |
+------+----------+--------------------+
|    1 | abhishek | paris              |
|    2 | thomas   | parc de saint-maur |
| 1556 | alpha    | nanterre           |
+------+----------+--------------------+
3 rows in set (0.00 sec)

mysql> select * from contact1;
+------+-----------+-----------+-------+
| id   | person_id | info      | type  |
+------+-----------+-----------+-------+
| NULL |         1 | a@a.com   | email |
| NULL |         1 | 121       | work  |
| NULL |         2 | t@t.com   | email |
| NULL |         2 | 25        | work  |
| NULL |      NULL | al@al.com | email |
| NULL |      NULL | 454       | work  |
+------+-----------+-----------+-------+
6 rows in set (0.00 sec)

mysql> -- we can drop the foreign key as well by using the alter command for e.g. alter table table_name drop foreign key foreign_key_constraints_name;
mysql> -- if we don't know or remember the name of the foreign key constraints we can use show create table table_name_that_contains_foreign_key.
mysql> show create table contact1;
+----------+-----------------------------------------------------------------------------------------------------------------------------------------------------------------------------------------------------------------------------------------------------------------------------------------------------------------------------------------------------------------------------------------------+
| Table    | Create Table                                                                                                                                                                                                                                                                                                                                                                                  |
+----------+-----------------------------------------------------------------------------------------------------------------------------------------------------------------------------------------------------------------------------------------------------------------------------------------------------------------------------------------------------------------------------------------------+
| contact1 | CREATE TABLE `contact1` (
  `id` int(11) DEFAULT NULL,
  `person_id` int(11) DEFAULT NULL,
  `info` varchar(50) NOT NULL,
  `type` varchar(50) NOT NULL,
  KEY `par_ind` (`person_id`),
  CONSTRAINT `fk_contact_on_person_id` FOREIGN KEY (`person_id`) REFERENCES `persons` (`id`) ON DELETE SET NULL ON UPDATE SET NULL
) ENGINE=InnoDB DEFAULT CHARSET=utf8mb4 COLLATE=utf8mb4_0900_ai_ci |
+----------+-----------------------------------------------------------------------------------------------------------------------------------------------------------------------------------------------------------------------------------------------------------------------------------------------------------------------------------------------------------------------------------------------+
1 row in set (0.03 sec)

mysql> alter table contact1 drop foreign key fk_contact_on_person_id;
Query OK, 0 rows affected (0.17 sec)
Records: 0  Duplicates: 0  Warnings: 0


mysql> desc contact1;
+-----------+-------------+------+-----+---------+-------+
| Field     | Type        | Null | Key | Default | Extra |
+-----------+-------------+------+-----+---------+-------+
| id        | int(11)     | YES  |     | NULL    |       |
| person_id | int(11)     | YES  | MUL | NULL    |       |
| info      | varchar(50) | NO   |     | NULL    |       |
| type      | varchar(50) | NO   |     | NULL    |       |
+-----------+-------------+------+-----+---------+-------+
4 rows in set (0.03 sec)

mysql> show create table contact1;
+----------+-----------------------------------------------------------------------------------------------------------------------------------------------------------------------------------------------------------------------------------------------------------+
| Table    | Create Table                                                                                                                                                                                                                                              |
+----------+-----------------------------------------------------------------------------------------------------------------------------------------------------------------------------------------------------------------------------------------------------------+
| contact1 | CREATE TABLE `contact1` (
  `id` int(11) DEFAULT NULL,
  `person_id` int(11) DEFAULT NULL,
  `info` varchar(50) NOT NULL,
  `type` varchar(50) NOT NULL,
  KEY `par_ind` (`person_id`)
) ENGINE=InnoDB DEFAULT CHARSET=utf8mb4 COLLATE=utf8mb4_0900_ai_ci |
+----------+-----------------------------------------------------------------------------------------------------------------------------------------------------------------------------------------------------------------------------------------------------------+
1 row in set (0.00 sec)

mysql> -- as we have recreat student3 table and didn't specified the unique so now we are going to use the alter command
mysql> -- to specify the unisue key into the existing table
mysql> alter table student3 add constraint unique_key_for_roll_no_email unique(roll_no, email);
Query OK, 0 rows affected (0.48 sec)
Records: 0  Duplicates: 0  Warnings: 0

mysql> show index from student3;
+----------+------------+------------------------------+--------------+-------------+-----------+-------------+----------+--------+------+------------+---------+---------------+---------+------------+
| Table    | Non_unique | Key_name                     | Seq_in_index | Column_name | Collation | Cardinality | Sub_part | Packed | Null | Index_type | Comment | Index_comment | Visible | Expression |
+----------+------------+------------------------------+--------------+-------------+-----------+-------------+----------+--------+------+------------+---------+---------------+---------+------------+
| student3 |          0 | unique_key_for_roll_no_email |            1 | roll_no     | A         |           0 |     NULL |   NULL | YES  | BTREE      |         |               | YES     | NULL       |
| student3 |          0 | unique_key_for_roll_no_email |            2 | email       | A         |           0 |     NULL |   NULL | YES  | BTREE      |         |               | YES     | NULL       |
+----------+------------+------------------------------+--------------+-------------+-----------+-------------+----------+--------+------+------------+---------+---------------+---------+------------+
2 rows in set (0.11 sec)